Model,Type,Role,Mean MAE,Std MAE,Mean R2,Std R2,Mean RMSE,Weighted MAE,Repeated CV MAE,Skill vs baseline
Ridge Regression,Rate,candidate,1.1601,0.7215,0.6744,,1.5347,1.1358,1.0935,0.5097
Ridge Regression_Tuned,Tuned rate,candidate,1.2014,0.7477,0.6025,,1.6958,1.1469,1.1002,0.4922
HybridEnsemble,Ensemble,candidate,1.2581,0.4743,0.6311,,1.6335,1.2945,,0.4682
Poisson GLM,Poisson,candidate,1.2877,0.5185,0.5816,,1.7397,1.2128,1.186,0.4557
Poisson GLM_Tuned,Tuned poisson,candidate,1.3589,0.6384,0.5608,,1.7824,1.2823,1.1919,0.4256
LightGBM_Tuned,Tuned poisson,candidate,1.5097,0.5334,0.4215,,2.0457,1.6802,1.2506,0.3619
CatBoost,Rate,candidate,1.6255,0.5815,0.3406,,2.1841,1.8091,1.112,0.3129
CatBoost_Tuned,Tuned rate,candidate,1.6774,0.5956,0.3123,,2.2304,1.8582,1.174,0.291
Baseline: journey time only,Baseline,baseline,1.7208,0.9743,0.2013,,2.4038,1.7883,1.5786,0.2727
XGBoost,Poisson,candidate,1.754,0.6312,0.2767,,2.2875,1.9519,1.2311,0.2586
Gradient Boosting_Tuned,Tuned rate,candidate,1.7952,0.8122,0.1866,,2.4258,1.9586,1.141,0.2412
LightGBM,Poisson,candidate,1.8022,0.4964,0.3111,,2.2325,1.9826,1.1706,0.2382
Gradient Boosting,Rate,candidate,1.8355,0.7399,0.2033,,2.4008,1.9977,1.1013,0.2242
XGBoost_Tuned,Tuned poisson,candidate,1.8416,0.6948,0.2341,,2.3539,2.0246,1.1988,0.2216
Random Forest,Rate,candidate,2.0258,0.7338,0.1076,,2.5409,2.222,1.3123,0.1437
Random Forest_Tuned,Tuned rate,candidate,2.0572,0.7061,0.036,,2.6408,2.2406,1.2092,0.1305
Baseline: same rate everywhere,Baseline,baseline,2.3659,0.9034,-0.1501,,2.8844,2.5344,2.3444,0.0
