District,total_journey_min,nearest_competitor_drive_min,imd_decile_mean,geo_barriers_decile,wider_barriers_decile,income_decile,avg_fsm%,pop%_most_deprived,pop%_moderately_deprived,pop%_least_deprived,Population,Authority_Name,Region_Name,Post_Town,lsoa_count,nearest_ferry_terminal,competitor_context,Visits,visits_per_1000,predicted_visit_rate,performance_gap,visits_gap_raw,visits_gap,composite_need_score,impact_score,need_tier,visit_tier,priority_zone,intervention_type,deprivation_tier,fsm_tier,visit_rate_tier,composite_need_tier,intersection_segment,performance_ratio,fragility_score,fragility_tier,fragility_alert,gap_score,need_inverse_score,population_score,accessibility_score_norm,growth_potential_score,growth_potential_tier,safe_zone_band_width,safe_zone_lower_1rmse,safe_zone_upper_1rmse,safe_zone_lower_2rmse,safe_zone_upper_2rmse,safe_zone_status,needs_intervention,high_potential_flag,underperformance_confidence,risk_score,risk_flags,risk_tier,sensitivity_total_journey_min_delta,sensitivity_total_journey_min_new_pred,sensitivity_total_journey_min_impact,shap_narrative,shap_error
BH1,35.9,33.5,4.09,8.56473525313516,2.6701114723641433,4.914653971202973,26.348071011374117,68.24392320792693,20.068896113949528,11.687180678123548,51672.0,"Bournemouth, Christchurch and Poole",South West,Unknown,28,Poole Quay, [Kingston Lacy Estate: 25Km; Kingston Lacy: 25Km; Brownsea Island: 13Km],49.0,0.9482892088558601,1.7398548675835421,0.791565658727682,9.05171079114414,9.05171079114414,55.67516754896108,66.12774965770517,High Need,Low Visit Rate,Urgent Action,Crisis Intervention,High Deprivation,High FSM,Low Visit Rate,High Need,High Deprivation + High FSM + Low Visit Rate,0.5450392596095814,-41.82925604513039,Severe Under-performance,False,20.486666887112815,1.5100753126755109,72.22913375920827,0,41.33809208035248,Medium,1.5347260713577748,0.2051287962257673,3.274580938941317,-1.3295972751320075,4.809307010299092,Within Safe Zone,False,False,0.2578849976880182,40,HighNeedLowVisits;ExtremeDeprivation,Medium Risk,-15.0,2.5060469027229746,0.7661920351394325,"Engagement status: In line with expected | Lowers the expected rate: geographic access barriers, deprivation level | Raises the expected rate: Brownsea journey time, local income context",
BH10,36.1,23.3,5.36,6.409396160169421,3.804135202162343,5.0027029286371105,21.102021370383635,41.74213503497088,35.14921837991473,23.108646585114386,35887.0,"Bournemouth, Christchurch and Poole",South West,Unknown,21,Poole Quay, [Kingston Lacy Estate: 17Km; Kingston Lacy: 17Km; White Mill: 18Km; Brownsea Island: 13Km],103.0,2.8701200992002676,3.357251441129682,0.4871313419294143,7.129879900799732,7.129879900799732,35.550100935594706,46.27471035731549,High Need,Low Visit Rate,Urgent Action,Crisis Intervention,High Deprivation,Medium FSM,Low Visit Rate,High Need,High Deprivation + Medium FSM + Low Visit Rate,0.8549017401670995,-8.758370416371031,Stable,False,12.607542308519252,37.11151815224591,50.16424607556718,0,46.29044499311031,Medium,1.5347260713577748,1.822525369771907,4.891977512487457,0.2877992984141322,6.4267035838452315,Within Safe Zone,False,False,0.15870302558242474,0,,Minimal Risk,-15.0,5.577857144190412,2.2206057030607305,"Engagement status: In line with expected | Lowers the expected rate: geographic access barriers, wider access barriers | Raises the expected rate: Brownsea journey time, local income context",
BH11,31.8,19.1,4.05,5.240572895721843,3.834565533455007,4.131097843907569,30.699497106875427,65.48086738639527,21.78983512234355,12.729297491261175,32327.0,"Bournemouth, Christchurch and Poole",South West,Unknown,20,Poole Quay, [Kingston Lacy Estate: 15Km; Kingston Lacy: 15Km; White Mill: 17Km; Badbury Rings: 17Km; Brownsea Island: 13Km],131.0,4.05234014910137,3.9721736384485244,-0.08016651065284597,5.94765985089863,5.94765985089863,55.04645630253932,56.37549896447341,High Need,Medium Visit Rate,Monitor,Sustain & Optimize,High Deprivation,High FSM,Medium Visit Rate,High Need,High Deprivation + High FSM + Medium Visit Rate,1.0201820257495484,8.881601390965077,Stable,False,-2.074805268696027,2.6222717556534008,45.187939445617076,0,23.035584309907765,Low,1.5347260713577748,2.4374475670907496,5.5068997098063,0.9027214957329748,7.041625781164074,Within Safe Zone,False,False,0.0,10,ExtremeDeprivation,Minimal Risk,-15.0,5.704433283553174,1.7322596451046492,"Engagement status: In line with expected | Lowers the expected rate: deprivation level, wider access barriers | Raises the expected rate: Brownsea journey time, local income context",
BH12,29.7,25.5,5.77,6.427671299040593,4.887988759358054,5.065885090781356,24.51954829853529,39.31809699444554,33.68460339414696,26.997299611407495,45549.0,"Bournemouth, Christchurch and Poole",South West,Unknown,27,Poole Quay, [Kingston Lacy Estate: 22Km; Kingston Lacy: 22Km; The Bakehouse: 28Km; Brownsea Island: 9Km],311.0,6.8278118070649185,4.269537027622156,-2.5582747794427627,3.1721881929350815,3.1721881929350815,34.878532385672464,33.93153724877597,High Need,Medium Visit Rate,Monitor,Sustain & Optimize,High Deprivation,Medium FSM,Medium Visit Rate,High Need,High Deprivation + Medium FSM + Medium Visit Rate,1.5991925501270448,70.67801764337338,Extreme Over-performance,True,-66.21121398367332,38.29952959102696,63.670165923482294,0,11.679504955069714,Low,1.5347260713577748,2.734810956264381,5.804263098979931,1.2000848849066061,7.3389891703377055,Moderate Overperformance,False,False,0.0,15,FragileOverperformance,Low Risk,-15.0,8.011899471324384,3.742362443702228,"Engagement status: Above expected | Lowers the expected rate: geographic access barriers, wider access barriers | Raises the expected rate: Brownsea journey time, local income context [Less typical visitor pattern]",
BH13,30.4,30.8,8.12,3.736308451737709,6.438129544393303,8.620038689880595,14.813333333333334,9.10546327796678,33.766926822760325,57.127609899272905,14991.0,"Bournemouth, Christchurch and Poole",South West,Unknown,9,Poole Quay, [Kingston Lacy Estate: 24Km; Corfe Castle: 28Km; The Bakehouse: 30Km; Brownsea Island: 10Km],114.0,7.604562737642586,6.12069101525945,-1.4838717223831361,2.3954372623574143,2.3954372623574143,10.817824294576745,14.758788793275965,Low Need,High Visit Rate,Maintain,Model District,Low Deprivation,Low FSM,High Visit Rate,Low Need,Low Deprivation + Low FSM + High Visit Rate,1.2424353261230974,6.705492083549536,Stable,False,-38.404376623074114,80.86316131663884,20.9550035644893,0,31.37519280501191,Medium,1.5347260713577748,4.585964943901675,7.655417086617224,3.0512388725439,9.190143157975,Within Safe Zone,False,False,0.0,0,,Minimal Risk,-15.0,11.38374437917092,5.263053363911471,"Engagement status: In line with expected | Lowers the expected rate: local income context | Raises the expected rate: Brownsea journey time, deprivation level",
BH14,26.1,26.4,7.52,6.097613882863341,5.643627982646421,6.867380694143167,13.340000000000002,9.894251626898047,41.02765726681128,49.07809110629067,36880.0,"Bournemouth, Christchurch and Poole",South West,Unknown,20,Poole Quay, [Kingston Lacy Estate: 21Km; Kingston Lacy: 21Km; The Bakehouse: 27Km; Brownsea Island: 7Km],358.0,9.707158351409978,5.814175419601387,-3.892982931808591,0.2928416485900218,0.2928416485900218,10.927976138828633,8.528108242950108,Low Need,High Visit Rate,Maintain,Model District,Low Deprivation,Low FSM,High Visit Rate,Low Need,Low Deprivation + Low FSM + High Visit Rate,1.6695675054254708,43.38937286098887,Significant Over-performance,False,-100.75505884043896,80.66830160948128,51.55230014397741,0,9.135025985435142,Low,1.5347260713577748,4.279449348243612,7.348901490959162,2.7447232768858374,8.883627562316937,Severe Overperformance,False,True,0.0,0,,Minimal Risk,-15.0,11.693958104768202,5.8797826851668145,"Engagement status: Above expected | Lowers the expected rate: geographic access barriers, local income context | Raises the expected rate: Brownsea journey time, deprivation level",
BH15,19.1,18.8,5.76,6.3475342926870315,5.754944037700917,5.230665656820668,24.643471855760776,29.245560885298328,47.95085416140705,22.803584953294624,47532.0,"Bournemouth, Christchurch and Poole",South West,Unknown,29,Poole Quay, [Kingston Lacy Estate: 18Km; Kingston Lacy: 18Km; Brownsea Island: 4Km],457.0,9.61457544391147,6.05563991859912,-3.55893552531235,0.3854245560885303,0.3854245560885303,27.86493417643706,20.66172759177153,High Need,High Visit Rate,Maintain,Model District,Moderate Deprivation,Medium FSM,High Visit Rate,High Need,Moderate Deprivation + Medium FSM + High Visit Rate,1.5877059358139074,38.287467515079385,Significant Over-performance,False,-92.10951204853752,50.70665452347162,66.44208054347978,0,4.923692790758197,Low,1.5347260713577748,4.520913847241345,7.5903659899568945,2.98618777588357,9.12509206131467,Severe Overperformance,False,True,0.0,0,,Minimal Risk,-15.0,11.661889583247927,5.606249664648807,"Engagement status: Above expected | Lowers the expected rate: geographic access barriers, deprivation level | Raises the expected rate: Brownsea journey time, local income context",
BH16,27.3,11.5,5.51,2.601034833225538,7.557470202346854,5.5433798392312665,17.50197111925495,34.297329760694815,31.15125196341125,34.55141827589393,21646.0,Dorset,South West,Unknown,13,Poole Quay, [White Mill: 10Km; Kingston Lacy Estate: 14Km; Kingston Lacy: 14Km; The Bakehouse: 20Km; Brownsea Island: 8Km],195.0,9.008592811604917,7.688092874278222,-1.3204999373266944,0.9914071883950832,0.9914071883950832,29.258722168262853,23.455327082969248,High Need,High Visit Rate,Maintain,Model District,Moderate Deprivation,Medium FSM,High Visit Rate,High Need,Moderate Deprivation + Medium FSM + High Visit Rate,1.1717591031899008,2.058948866249244,Stable,False,-34.17611924189362,48.24102971463202,30.25762171682579,0,22.279422902117442,Low,1.5347260713577748,6.153366802920448,9.222818945635996,4.618640731562673,10.757545016993772,Within Safe Zone,False,False,0.0,0,,Minimal Risk,-15.0,14.060393370643501,6.372300496365279,"Engagement status: In line with expected | Lowers the expected rate: deprivation level, high deprivation | Raises the expected rate: Brownsea journey time, local income context",
BH17,26.5,15.7,6.71,4.987369901547117,5.854964838255977,5.999324894514768,17.439159346718203,27.30801687763713,22.78199718706048,49.909985935302394,35550.0,"Bournemouth, Christchurch and Poole",South West,Unknown,23,Poole Quay, [Kingston Lacy Estate: 13Km; Kingston Lacy: 13Km; White Mill: 14Km; The Bakehouse: 24Km; Brownsea Island: 8Km],266.0,7.482419127988749,7.139842837719334,-0.34257629026941494,2.5175808720112514,2.5175808720112514,24.347359618361452,24.59589434888677,Medium Need,High Visit Rate,Maintain,Model District,Low Deprivation,Medium FSM,High Visit Rate,Medium Need,Low Deprivation + Medium FSM + High Visit Rate,1.0479809287201123,-9.995057012588958,Stable,False,-8.866284514481217,56.92927887394616,49.69317435245111,0,43.941479754463465,Medium,1.5347260713577748,5.605116766361559,8.67456890907711,4.070390695003784,10.209294980434883,Within Safe Zone,False,False,0.0,0,,Minimal Risk,-15.0,12.304690666229584,5.164847828510251,"Engagement status: In line with expected | Lowers the expected rate: geographic access barriers, wider access barriers | Raises the expected rate: Brownsea journey time, deprivation level",
BH18,31.1,16.2,8.2,3.9032454361054767,7.451277890466532,7.7647870182555785,14.692857142857145,21.07505070993915,6.040567951318458,72.8843813387424,24650.0,"Bournemouth, Christchurch and Poole",South West,Unknown,16,Poole Quay, [White Mill: 11Km; Kingston Lacy Estate: 11Km; Kingston Lacy: 11Km; Badbury Rings: 14Km; The Bakehouse: 25Km; Brownsea Island: 10Km],221.0,8.96551724137931,8.162788261947457,-0.8027289794318531,1.0344827586206904,1.0344827586206904,19.160392639814546,16.51572312373225,Medium Need,High Visit Rate,Maintain,Model District,Low Deprivation,Low FSM,High Visit Rate,Medium Need,Low Deprivation + Low FSM + High Visit Rate,1.0983400467673456,-5.670007362808482,Stable,False,-20.775586991337597,66.10507500645832,34.45672989558143,0,37.644359978471144,Medium,1.5347260713577748,6.628062190589682,9.697514333305232,5.093336119231907,11.232240404663006,Within Safe Zone,False,False,0.0,0,,Minimal Risk,-15.0,13.934954940443284,5.772166678495827,"Engagement status: In line with expected | Lowers the expected rate: local income context, moderate deprivation | Raises the expected rate: Brownsea journey time, deprivation level",
BH19,12.5,4.4,5.75,2.3708133971291865,5.955263157894737,5.882775119617225,19.187981220657274,9.465709728867623,90.53429027113238,0.0,12540.0,Dorset,South West,Unknown,9,Sandbanks Jetty," [Agglestone Rock: 4Km; Studland Bay: 5Km; Spyway sea saunter, Spyway: 5Km; National Trust - Purbeck: 6Km; Spyway Dinosaur Footprints: 6Km; Brownsea Island: 9Km]",92.0,7.33652312599681,11.200332027119805,3.8638089011229946,2.66347687400319,2.66347687400319,12.382391176404518,16.658104445492732,Low Need,High Visit Rate,Maintain,Model District,Moderate Deprivation,Medium FSM,High Visit Rate,Low Need,Moderate Deprivation + Medium FSM + High Visit Rate,0.6550272892118375,-42.94783250782689,Severe Under-performance,False,100.0,78.09542695420538,17.528900320105116,0,97.58882397127371,Very High,1.5347260713577748,9.665605955762029,12.73505809847758,8.130879884404255,14.269784169835354,Severe Underperformance,True,False,1.2587943129501526,25,UnderperformingPrediction,Low Risk,-15.0,19.72673609343134,8.526404066311537,"Engagement status: Below expected | Lowers the expected rate: deprivation level, lower deprivation | Raises the expected rate: Brownsea journey time, geographic access barriers",
BH2,34.6,31.2,4.71,7.787181512936994,2.67973533478175,4.991704523010073,4.18,41.6205806833893,49.298834682994276,9.080584633616432,20252.0,"Bournemouth, Christchurch and Poole",South West,Unknown,12,Poole Quay, [Kingston Lacy Estate: 26Km; Kingston Lacy: 26Km; The Bakehouse: 32Km; Brownsea Island: 13Km],25.0,1.234445980643887,2.9018785967395204,1.6674326160956334,8.765554019356113,8.765554019356113,30.38840647837251,47.568546592929096,High Need,Low Visit Rate,Urgent Action,Crisis Intervention,High Deprivation,Low FSM,Low Visit Rate,High Need,High Deprivation + Low FSM + Low Visit Rate,0.4253954600412575,-54.598554233782124,Severe Under-performance,False,43.155152306083345,46.242606943379336,28.309034233075664,0,59.07423557259888,High,1.5347260713577748,1.3671525253817456,4.436604668097296,-0.16757354597602925,5.97133073945507,Moderate Underperformance,False,False,0.5432346029739538,55,HighNeedLowVisits;UnderperformingPrediction,High Risk,-15.0,3.9410338878854554,1.039155291145935,"Engagement status: Below expected | Lowers the expected rate: geographic access barriers, deprivation level | Raises the expected rate: Brownsea journey time, local income context",
BH20,35.2,18.4,5.8,1.5158599945310363,7.516406890894175,6.241557287394039,17.166593608237516,5.004101722723544,84.1878589007383,10.808039376538146,29256.0,Dorset,South West,Unknown,18,Sandbanks Jetty, [Corfe Castle: 14Km; Clouds Hill: 15Km; The Bakehouse: 16Km; White Mill: 22Km; Agglestone Rock: 23Km; Brownsea Island: 28Km],240.0,8.203445447087777,7.177218664414256,-1.026226782673521,1.796554552912223,1.796554552912223,8.652849288377734,11.446658160601086,Low Need,High Visit Rate,Maintain,Model District,Moderate Deprivation,Medium FSM,High Visit Rate,Low Need,Moderate Deprivation + Medium FSM + High Visit Rate,1.1429839093187601,-0.4473393562329675,Stable,False,-26.559977704261044,84.69302361786974,40.895176057814616,0,44.473055898379535,Medium,1.5347260713577748,5.642492593056481,8.71194473577203,4.107766521698706,10.246670807129806,Within Safe Zone,False,False,0.0,0,,Minimal Risk,-15.0,12.459217101752543,5.281998437338287,"Engagement status: In line with expected | Lowers the expected rate: deprivation level, lower deprivation | Raises the expected rate: Brownsea journey time, geographic access barriers",
BH21,37.7,9.6,7.8,2.2729000964508868,7.37217461804051,7.7635275863515005,12.28693288182353,12.131844168914856,25.33303512769259,62.53512070339256,71539.0,Dorset,South West,Unknown,45,Poole Quay, [Kingston Lacy Estate: 7Km; Kingston Lacy: 7Km; Badbury Rings: 9Km; White Mill: 9Km; The Bakehouse: 37Km; Brownsea Island: 17Km],642.0,8.97412600120214,6.99466298329721,-1.9794630179049308,1.0258739987978593,1.0258739987978593,12.178370782787457,11.6024815443448,Low Need,High Visit Rate,Maintain,Model District,Low Deprivation,Low FSM,High Visit Rate,Low Need,Low Deprivation + Low FSM + High Visit Rate,1.2829961961901177,10.189027611586754,Moderate Over-performance,False,-51.23087265857302,78.45634105804443,100.0,0,46.328757667329455,Medium,1.5347260713577748,5.459936911939435,8.529389054654985,3.92521084058166,10.064115126012759,Moderate Overperformance,False,False,0.0,0,,Minimal Risk,-15.0,12.798204698211922,5.803541714914712,"Engagement status: Above expected | Lowers the expected rate: local income context, moderate deprivation | Raises the expected rate: Brownsea journey time, deprivation level",
BH22,40.3,16.5,7.36,2.8472815725461835,6.311485109460259,7.467917954112155,20.63939180387159,10.679771218197358,41.15442771678391,48.16580106501874,30422.0,Dorset,South West,Unknown,20,Poole Quay, [Kingston Lacy Estate: 15Km; Kingston Lacy: 15Km; Badbury Rings: 17Km; White Mill: 17Km; Brownsea Island: 21Km],217.0,7.132995858260469,5.701034414305635,-1.431961443954834,2.867004141739531,2.867004141739531,13.667657393899628,18.16837260094833,Low Need,High Visit Rate,Maintain,Model District,Low Deprivation,Medium FSM,High Visit Rate,Low Need,Low Deprivation + Medium FSM + High Visit Rate,1.251175723542662,7.45615361743448,Stable,False,-37.060876471883546,75.82177824263329,42.525056263017376,0,35.99180554223773,Medium,1.5347260713577748,4.16630834294786,7.23576048566341,2.6315822715900854,8.770486557021185,Within Safe Zone,False,False,0.0,0,,Minimal Risk,-15.0,9.678607643898435,3.9775732295927995,"Engagement status: In line with expected | Lowers the expected rate: local income context | Raises the expected rate: Brownsea journey time, deprivation level",
BH23,52.1,36.7,7.05,3.602276481860834,5.35163219454173,6.719470693187074,18.529569376341115,17.95083592149607,39.24535782726492,42.80380625123901,60532.0,"Bournemouth, Christchurch and Poole",South West,Unknown,38,Poole Quay, [Kingston Lacy Estate: 28Km; Kingston Lacy: 28Km; The Bakehouse: 52Km; Brownsea Island: 24Km],266.0,4.394369920042292,2.9963770208464053,-1.397992899195887,5.605630079957708,5.605630079957708,18.124455957949582,29.504009410437828,Medium Need,Medium Visit Rate,Monitor,Sustain & Optimize,Low Deprivation,Medium FSM,Medium Visit Rate,Medium Need,Low Deprivation + Medium FSM + Medium Visit Rate,1.466561080087641,25.95434018255609,Significant Over-performance,False,-36.181729867374344,67.93765729169334,84.61398677644361,0,44.9662632927708,Medium,1.5347260713577748,1.4616509494886305,4.53110309220418,-0.07307512186914433,6.065829163561955,Within Safe Zone,False,False,0.0,0,,Minimal Risk,-15.0,6.16146502800147,3.165088007155065,"Engagement status: In line with expected | Lowers the expected rate: local income context, wider access barriers | Raises the expected rate: deprivation level, geographic access barriers",
BH24,50.3,25.9,7.56,2.225541928123217,7.90498431260696,7.319737592698232,15.66157671816284,0.0,50.581146605818596,49.418853394181404,28048.0,New Forest,South East,Unknown,17,Poole Quay, [Kingston Lacy Estate: 25Km; Kingston Lacy: 25Km; Badbury Rings: 27Km; White Mill: 27Km; Foxbury: 28Km; Brownsea Island: 30Km],115.0,4.100114090131204,7.223771662549538,3.1236575724183337,5.899885909868796,5.899885909868796,4.698473015448852,20.988588840420583,Low Need,Medium Visit Rate,Monitor,Sustain & Optimize,Low Deprivation,Medium FSM,Medium Visit Rate,Low Need,Low Deprivation + Medium FSM + Medium Visit Rate,0.5675863360116399,-51.25333447093219,Severe Under-performance,False,80.84399752561417,91.68835454280337,39.206586617089975,0,100.0,Very High,1.5347260713577748,5.689045591191763,8.758497733907312,4.154319519833988,10.293223805265088,Severe Underperformance,True,False,1.0176596432139933,25,UnderperformingPrediction,Low Risk,-15.0,9.847012854884756,2.623241192335218,"Engagement status: Below expected | Lowers the expected rate: local income context | Raises the expected rate: deprivation level, geographic access barriers",
BH25,60.9,29.8,7.22,3.5863701949757667,8.587665100447667,7.187391320433608,18.773718052192628,15.57956269192349,31.16652484368641,53.2539124643901,27029.0,New Forest,South East,Unknown,17,Poole Quay, [Foxbury: 32Km; Blackhill Common: 33Km; Kingston Lacy Estate: 41Km; Brownsea Island: 31Km],75.0,2.7747974397868957,4.312125182255052,1.5373277424681562,7.225202560213104,7.225202560213104,16.53780930000423,33.252074190642276,Medium Need,Low Visit Rate,High Priority,Targeted Support,Low Deprivation,Medium FSM,Low Visit Rate,Medium Need,Low Deprivation + Medium FSM + Low Visit Rate,0.643487218600597,-44.7346522860794,Severe Under-performance,False,39.787882418857215,70.74445099750498,37.78218873621381,0,70.45644600996513,High,1.5347260713577748,2.777399110897277,5.846851253612827,1.2426730395395023,7.381577324970602,Moderate Underperformance,False,False,0.5008476011318683,25,UnderperformingPrediction,Low Risk,-15.0,5.826714103075983,1.5145889208209313,"Engagement status: Below expected | Lowers the expected rate: Brownsea journey time, local income context | Raises the expected rate: deprivation level, wider access barriers",
BH3,34.4,29.8,6.38,7.565952120168988,3.3923486152401816,6.262400250352058,14.270000000000001,15.21671099984353,42.168674698795186,42.614614301361286,12782.0,"Bournemouth, Christchurch and Poole",South West,Unknown,7,Poole Quay, [Kingston Lacy Estate: 20Km; Kingston Lacy: 20Km; The Bakehouse: 32Km; Brownsea Island: 13Km],32.0,2.5035205758097323,2.962306561676897,0.45878598586716457,7.496479424190268,7.496479424190268,14.93269769989047,32.94232666249413,Low Need,Low Visit Rate,Growth Opportunity,Growth & Awareness,Low Deprivation,Low FSM,Low Visit Rate,Low Need,Low Deprivation + Low FSM + Low Visit Rate,0.8451254195624318,-27.417128384362456,Severe Under-performance,False,11.873930559397515,73.58390936951494,17.867177343826445,0,52.25277651218374,High,1.5347260713577748,1.427580490319122,4.497032633034672,-0.10714558103865279,6.0317587043924465,Within Safe Zone,False,False,0.14946836260534618,0,,Minimal Risk,-15.0,5.639507966536758,2.6772014048598614,"Engagement status: In line with expected | Lowers the expected rate: geographic access barriers, wider access barriers | Raises the expected rate: Brownsea journey time, deprivation level",
BH31,51.3,23.5,7.66,1.6517871496704357,8.066234392583462,7.874872729221371,9.004156105052333,19.3130057338835,12.175124591393816,68.51186967472267,18661.0,Dorset,South West,Unknown,12,Poole Quay, [Kingston Lacy Estate: 19Km; Kingston Lacy: 19Km; Badbury Rings: 21Km; White Mill: 21Km; Fontmell and Melbury Downs SAC: 29Km; Brownsea Island: 29Km],109.0,5.841058892878196,4.737917112111589,-1.1031417807666068,4.158941107121804,4.158941107121804,16.220350845234147,23.831068913029316,Medium Need,Medium Visit Rate,Monitor,Sustain & Optimize,Low Deprivation,Low FSM,Medium Visit Rate,Medium Need,Low Deprivation + Low FSM + Medium Visit Rate,1.2328326466384634,5.880774194268468,Stable,False,-28.5506299352948,71.30603815885773,26.08507247794909,0,33.643677070754336,Medium,1.5347260713577748,3.203191040753814,6.272643183469364,1.6684649693960392,7.8073692548271385,Within Safe Zone,False,False,0.0,0,,Minimal Risk,-15.0,9.122039874599423,4.384122762487834,"Engagement status: In line with expected | Lowers the expected rate: local income context, moderate deprivation | Raises the expected rate: deprivation level, geographic access barriers",
BH4,31.1,31.3,6.5,6.202721000709266,3.702688761364369,6.185182797085563,0.0,19.61441743503772,41.51782835772777,38.86775420723451,15509.0,"Bournemouth, Christchurch and Poole",South West,Unknown,10,Poole Quay, [Kingston Lacy Estate: 26Km; Kingston Lacy: 26Km; The Bakehouse: 32Km; Brownsea Island: 10Km],85.0,5.48068863240699,4.94475799630643,-0.5359306361005594,4.51931136759301,4.51931136759301,13.730092204526402,23.16899864594751,Low Need,Medium Visit Rate,Monitor,Sustain & Optimize,Low Deprivation,Low FSM,Medium Visit Rate,Low Need,Low Deprivation + Low FSM + Medium Visit Rate,1.1083835925844867,-4.80742604678468,Stable,False,-13.87052646275529,75.71133044216478,21.67908413592586,0,41.514962263443515,Medium,1.5347260713577748,3.4100319249486555,6.479484067664205,1.8753058535908806,8.01421013902198,Within Safe Zone,False,False,0.0,0,,Minimal Risk,-15.0,7.774717766315654,2.829959770009224,"Engagement status: In line with expected | Lowers the expected rate: geographic access barriers, wider access barriers | Raises the expected rate: Brownsea journey time, deprivation level",
BH5,38.1,34.5,4.04,7.900657734470158,2.670353227771011,4.224847746650426,12.805,53.676004872107185,37.028014616321556,9.295980511571255,20525.0,"Bournemouth, Christchurch and Poole",South West,Unknown,12,Poole Quay, [Kingston Lacy Estate: 25Km; Kingston Lacy: 25Km; Brownsea Island: 14Km],52.0,2.533495736906212,2.2750260057080967,-0.2584697311981152,7.466504263093788,7.466504263093788,41.41470341047503,51.389805176613876,High Need,Low Visit Rate,Urgent Action,Crisis Intervention,High Deprivation,Low FSM,Low Visit Rate,High Need,High Deprivation + Low FSM + Low Visit Rate,1.1136117699532262,18.853135793338538,Moderate Over-performance,False,-6.6895060758049505,26.736978092458727,28.690644263967908,0,26.30888511420576,Medium,1.5347260713577748,0.7402999343503218,3.8097520770658715,-0.794426137007453,5.344478148423646,Within Safe Zone,False,False,0.0,10,ExtremeDeprivation,Minimal Risk,-15.0,3.2594799761945454,0.9844539704864488,"Engagement status: In line with expected | Lowers the expected rate: deprivation level, geographic access barriers | Raises the expected rate: local income context, Brownsea journey time",
BH6,42.8,36.9,6.49,6.946594057514092,3.9561160472596413,6.279672621891023,13.764,20.951562052163943,42.976338333174105,36.07209961466195,31401.0,"Bournemouth, Christchurch and Poole",South West,Unknown,19,Poole Quay, [Kingston Lacy Estate: 34Km; Kingston Lacy: 34Km; Brownsea Island: 17Km],130.0,4.1399955415432625,2.433334317948111,-1.7066612235951517,5.8600044584567375,5.8600044584567375,18.795293436514758,30.736718780930538,Medium Need,Medium Visit Rate,Monitor,Sustain & Optimize,Low Deprivation,Low FSM,Medium Visit Rate,Medium Need,Low Deprivation + Low FSM + Medium Visit Rate,1.7013673423363707,46.12047457261068,Significant Over-performance,False,-44.170435631511694,66.75093912540824,43.89354058625366,0,29.027138536905444,Medium,1.5347260713577748,0.898608246590336,3.9680603893058857,-0.6361178247674388,5.5027864606636605,Moderate Overperformance,False,False,0.0,0,,Minimal Risk,-15.0,4.790115291766036,2.3567809738179255,"Engagement status: Above expected | Lowers the expected rate: geographic access barriers, wider access barriers | Raises the expected rate: Brownsea journey time, deprivation level",
BH7,39.6,34.2,5.38,7.229038510154209,4.141569057048959,5.507752591219348,20.43270921364894,49.80618521951631,22.43195415859105,27.76186062189264,23734.0,"Bournemouth, Christchurch and Poole",South West,Unknown,13,Poole Quay, [Kingston Lacy Estate: 25Km; Kingston Lacy: 25Km; Brownsea Island: 16Km],60.0,2.5280188758742734,2.480815420496858,-0.04720345537741544,7.471981124125726,7.471981124125726,40.994142417756095,51.11184306480644,High Need,Low Visit Rate,Urgent Action,Crisis Intervention,High Deprivation,Medium FSM,Low Visit Rate,High Need,High Deprivation + Medium FSM + Low Visit Rate,1.0190273951812028,8.758370416371042,Stable,False,-1.2216819357628173,27.480954668063788,33.176309425627984,0,30.59001846930197,Medium,1.5347260713577748,0.9460893491390832,4.015541491854632,-0.5886367222186917,5.550267563212408,Within Safe Zone,False,False,0.0,0,,Minimal Risk,-15.0,4.0787318672577175,1.5979164467608595,"Engagement status: In line with expected | Lowers the expected rate: geographic access barriers, deprivation level | Raises the expected rate: Brownsea journey time, local income context",
BH8,39.3,29.9,4.98,7.717479860438778,3.014431068812451,5.095464260270719,17.386135236086254,46.632446157499594,44.63401713461082,8.733536707889593,54743.0,"Bournemouth, Christchurch and Poole",South West,Unknown,28,Poole Quay, [Kingston Lacy Estate: 22Km; Kingston Lacy: 22Km; The Bakehouse: 34Km; Brownsea Island: 16Km],88.0,1.6075114626527593,2.1831332755543076,0.5756218129015482,8.39248853734724,8.39248853734724,37.85855288107559,51.67845262879463,High Need,Low Visit Rate,Urgent Action,Crisis Intervention,High Deprivation,Medium FSM,Low Visit Rate,High Need,High Deprivation + Medium FSM + Low Visit Rate,0.7363322618242831,-21.41300885559656,Under-performing,False,14.897781635480134,33.027843719568565,76.52189714701072,0,53.13109874011233,High,1.5347260713577748,0.6484072041965327,3.7178593469120824,-0.8863188671612421,5.252585418269858,Within Safe Zone,False,False,0.18753242798315617,30,HighNeedLowVisits,Medium Risk,-15.0,3.458101156869235,1.2749678813149274,"Engagement status: In line with expected | Lowers the expected rate: geographic access barriers, deprivation level | Raises the expected rate: Brownsea journey time, local income context",
BH9,37.0,24.4,6.55,7.356935771632471,3.6916815343443354,5.736306868867083,20.450631035011277,17.81891168599465,43.58385370205174,38.59723461195361,44840.0,"Bournemouth, Christchurch and Poole",South West,Unknown,25,Poole Quay, [Kingston Lacy Estate: 20Km; Kingston Lacy: 20Km; White Mill: 22Km; Brownsea Island: 14Km],154.0,3.434433541480821,2.949633782673445,-0.4847997588073758,6.565566458519179,6.565566458519179,18.608427490699636,32.72259861904728,Medium Need,Low Visit Rate,High Priority,Targeted Support,Low Deprivation,Medium FSM,Low Visit Rate,Medium Need,Low Deprivation + Medium FSM + Low Visit Rate,1.1643593050958245,0.0,Stable,False,-12.547198146017818,67.08150684060679,62.679098114315266,0,50.08582452510373,High,1.5347260713577748,1.4149077113156703,4.48435985403122,-0.11981836004210455,6.019085925388994,Within Safe Zone,False,False,0.0,0,,Minimal Risk,-15.0,6.151757246088168,3.2021234634147233,"Engagement status: In line with expected | Lowers the expected rate: geographic access barriers, wider access barriers | Raises the expected rate: Brownsea journey time, local income context",
DT1,43.1,14.2,6.59,4.935365853658537,6.459717987804878,6.3645960365853655,15.663507626365947,16.989329268292682,51.43292682926829,31.577743902439025,26240.0,Dorset,South West,Unknown,16,Sandbanks Jetty, [Cerne Abbas Giant: 14Km; Clouds Hill: 19Km; Eggardon Hill Fort: 23Km; Hod Hill: 35Km; The Bakehouse: 37Km; Brownsea Island: 50Km],108.0,4.115853658536586,4.42583525815853,0.3099815996219446,5.884146341463414,5.884146341463414,16.59158277571466,29.266546967390504,Medium Need,Medium Visit Rate,Monitor,Sustain & Optimize,Moderate Deprivation,Medium FSM,Medium Visit Rate,Medium Need,Moderate Deprivation + Medium FSM + Medium Visit Rate,0.9299608816097418,-19.00141436457098,Under-performing,False,8.022694899114969,70.64932518457881,36.67929381176701,0,54.4174481535395,High,1.5347260713577748,2.8911091868007555,5.960561329516305,1.3563831154429806,7.49528740087408,Within Safe Zone,False,False,0.10098922713540122,0,,Minimal Risk,-15.0,7.272457028468899,2.846621770310369,"Engagement status: In line with expected | Lowers the expected rate: geographic access barriers | Raises the expected rate: Brownsea journey time, deprivation level",
DT10,63.8,19.8,5.52,1.0573322065560646,6.316861628786194,6.678290263754837,20.72982443233776,19.77049326157541,70.35537962015745,9.874127118267136,22483.0,Dorset,South West,Unknown,12,Poole Quay, [Hod Hill: 14Km; Cerne Abbas Giant: 21Km; Fontmell and Melbury Downs SAC: 21Km; Stourhead Gardens: 28Km; Stourhead Park: 28Km; Brownsea Island: 45Km],75.0,3.3358537561713293,1.9297872085804888,-1.4060665475908405,6.664146243828671,6.664146243828671,20.058292612804117,34.033243560448895,Medium Need,Low Visit Rate,High Priority,Targeted Support,Moderate Deprivation,Medium FSM,Low Visit Rate,Medium Need,Moderate Deprivation + Medium FSM + Low Visit Rate,1.7286122228082927,50.56025251000202,Extreme Over-performance,True,-36.39068555337131,64.51668103101633,31.427612910440462,0,28.405511938228926,Medium,1.5347260713577748,0.39506113722271397,3.464513279938264,-1.1396649341350609,4.999239351296039,Within Safe Zone,False,False,0.0,15,FragileOverperformance,Low Risk,-15.0,4.037372144075043,2.107584935494554,"Engagement status: In line with expected | Lowers the expected rate: Brownsea journey time, deprivation level | Raises the expected rate: geographic access barriers, high deprivation [Less typical visitor pattern]",
DT11,46.3,14.0,5.9,1.9188341987509272,7.208059151491948,6.671149290517097,13.36536343313505,4.984326768921538,90.80902586681343,4.206647364265033,41791.0,Dorset,South West,Unknown,22,Poole Quay, [Hod Hill: 10Km; Badbury Rings: 12Km; White Mill: 15Km; Kingston Lacy: 15Km; Kingston Lacy Estate: 15Km; Brownsea Island: 27Km],288.0,6.8914359551099515,4.281106863651768,-2.6103290914581834,3.1085640448900485,3.1085640448900485,7.498637768185592,14.574738572400058,Low Need,Medium Visit Rate,Monitor,Sustain & Optimize,Moderate Deprivation,Low FSM,Medium Visit Rate,Low Need,Moderate Deprivation + Low FSM + Medium Visit Rate,1.6097322899413873,40.20593910491952,Significant Over-performance,False,-67.55844189653132,86.73483526750684,58.417087183214754,0,30.034715830141234,Medium,1.5347260713577748,2.7463807922939933,5.815832935009543,1.2116547209362185,7.350559006367318,Moderate Overperformance,False,False,0.0,0,,Minimal Risk,-15.0,7.866756043788757,3.585649180136989,"Engagement status: Above expected | Lowers the expected rate: lower deprivation, local income context | Raises the expected rate: geographic access barriers, Brownsea journey time",
DT2,43.5,8.2,5.86,1.2312228274449053,6.914222177802209,7.2245265104192695,14.942159256101236,5.269601719054521,90.91749537754235,3.812902903403128,40022.0,Dorset,South West,Unknown,20,Sandbanks Jetty, [Cerne Abbas Giant: 9Km; Clouds Hill: 20Km; Eggardon Hill Fort: 25Km; Langdon Hill: 34Km; Hod Hill: 36Km; Brownsea Island: 51Km],188.0,4.697416420968467,4.091398829383826,-0.6060175915846404,5.302583579031533,5.302583579031533,8.171368980168534,21.627709023212574,Low Need,Medium Visit Rate,Monitor,Sustain & Optimize,Moderate Deprivation,Low FSM,Medium Visit Rate,Low Need,Moderate Deprivation + Low FSM + Medium Visit Rate,1.14811990149489,0.0,Stable,False,-15.684460776735227,85.54476706798602,55.94431009659067,0,54.451498011944835,High,1.5347260713577748,2.5566727580260515,5.626124900741601,1.0219466866682767,7.160850972099376,Within Safe Zone,False,False,0.0,0,,Minimal Risk,-15.0,7.93229781154877,3.8408989821649433,"Engagement status: In line with expected | Lowers the expected rate: local income context, deprivation level | Raises the expected rate: geographic access barriers, Brownsea journey time",
DT3,48.9,20.0,5.97,2.5690296372582675,6.385742075752375,6.305555555555555,26.035338719218974,22.85444558874013,48.78704657283442,28.35850783842545,34956.0,Dorset,South West,Unknown,19,Sandbanks Jetty, [Cerne Abbas Giant: 22Km; Eggardon Hill Fort: 27Km; Clouds Hill: 28Km; Langdon Hill: 37Km; Golden Cap: 37Km; Brownsea Island: 59Km],108.0,3.089598352214212,3.8302325610255807,0.7406342088113687,6.910401647785788,6.910401647785788,23.808713527883782,37.39730441287601,Medium Need,Low Visit Rate,High Priority,Targeted Support,Moderate Deprivation,High FSM,Low Visit Rate,Medium Need,Moderate Deprivation + High FSM + Low Visit Rate,0.8066346632975578,-29.7429944165855,Severe Under-performance,False,19.16849998963736,57.882149161002125,48.86285802149876,0,57.95571674653917,High,1.5347260713577748,2.295506489667806,5.364958632383356,0.7607804183100311,6.89968470374113,Within Safe Zone,False,False,0.24129198774740573,0,,Minimal Risk,-15.0,6.645445549327708,2.8152129883021275,"Engagement status: In line with expected | Lowers the expected rate: deprivation level, FSM and poverty context | Raises the expected rate: geographic access barriers, Brownsea journey time",
DT4,55.1,26.3,5.04,4.074545487371139,5.13529762227157,5.3655057863474696,26.167741791255956,47.62317427648089,31.25710881221903,21.119716911300078,55389.0,Dorset,South West,Unknown,32,Sandbanks Jetty, [Cerne Abbas Giant: 26Km; Eggardon Hill Fort: 31Km; Clouds Hill: 31Km; Corfe Castle: 39Km; Langdon Hill: 40Km; Brownsea Island: 53Km],81.0,1.46238422791529,1.913797324661911,0.451413096746621,8.53761577208471,8.53761577208471,41.18654453091341,54.44342848789351,High Need,Low Visit Rate,Urgent Action,Crisis Intervention,High Deprivation,High FSM,Low Visit Rate,High Need,High Deprivation + High FSM + Low Visit Rate,0.7641270102483987,-18.446541458316943,Under-performing,False,11.68311136235077,27.14059341781912,77.42490110289492,0,49.306227369733236,Medium,1.5347260713577748,0.37907125330413627,3.448523396019686,-1.1556548180536386,4.983249467377461,Within Safe Zone,False,False,0.1470663414049046,30,HighNeedLowVisits,Medium Risk,-15.0,3.6444171703429245,1.7306198456810133,"Engagement status: In line with expected | Lowers the expected rate: deprivation level, Brownsea journey time | Raises the expected rate: local income context",
DT5,67.9,40.6,3.97,2.277811139468548,4.040834709503078,4.674748536255818,30.410000000000004,67.72256417955262,32.27743582044738,0.0,13322.0,Dorset,South West,Unknown,7,Sandbanks Jetty, [Cerne Abbas Giant: 36Km; Eggardon Hill Fort: 36Km; Clouds Hill: 41Km; Corfe Castle: 47Km; Spyway Dinosaur Footprints: 54Km; Brownsea Island: 61Km],26.0,1.9516589100735624,0.7426434153148543,-1.2090154947587082,8.048341089926438,8.048341089926438,56.52879492568684,63.7151797177601,High Need,Low Visit Rate,Urgent Action,Crisis Intervention,High Deprivation,High FSM,Low Visit Rate,High Need,High Deprivation + High FSM + Low Visit Rate,2.627989247364603,180.4790424346698,Extreme Over-performance,True,-31.29076840232224,0.0,18.622010371964944,0,0.0,Low,1.5347260713577748,-0.7920826560429205,2.277369486672629,-2.3268087274006954,3.812095558030404,Within Safe Zone,False,False,0.0,55,HighNeedLowVisits;ExtremeDeprivation;FragileOverperformance,High Risk,-15.0,2.031831229327536,1.2891878140126818,"Engagement status: In line with expected | Lowers the expected rate: Brownsea journey time, deprivation level | Raises the expected rate: local income context, geographic access barriers [Less typical visitor pattern]",
DT6,67.6,14.4,5.57,2.1351754138639385,6.2492044951061345,6.247553067225199,18.533768546138734,26.805494018608773,58.9841704595803,14.210335521810933,24827.0,Dorset,South West,Unknown,14,Sandbanks Jetty, [Langdon Hill: 7Km; Golden Cap: 7Km; Eggardon Hill Fort: 11Km; Pilsdon Pen: 14Km; Lambert's Castle: 20Km; Brownsea Island: 77Km],74.0,2.9806259314456036,1.5731916084607864,-1.4074343229848172,7.019374068554397,7.019374068554397,24.323976376867762,38.084905669470615,Medium Need,Low Visit Rate,High Priority,Targeted Support,Moderate Deprivation,Medium FSM,Low Visit Rate,Medium Need,Moderate Deprivation + Medium FSM + Low Visit Rate,1.8946363020343424,65.02077000559467,Extreme Over-performance,True,-36.426085218028106,56.97064406052838,34.70414738813794,0,26.118393846784222,Medium,1.5347260713577748,0.03846553710301159,3.107917679818561,-1.4962605342547632,4.642643751176336,Within Safe Zone,False,False,0.0,15,FragileOverperformance,Low Risk,-15.0,3.3997495794164,1.8265579709556137,"Engagement status: In line with expected | Lowers the expected rate: Brownsea journey time, deprivation level | Raises the expected rate: geographic access barriers, local income context [Less typical visitor pattern]",
DT7,80.5,9.6,5.99,2.2912200102092903,5.878126595201634,6.515569167942828,21.64,26.301684532924963,54.338948443083204,19.359367023991833,7836.0,Dorset,South West,Unknown,4,Sandbanks Jetty, [Langdon Hill: 6Km; Golden Cap: 8Km; Lambert's Castle: 11Km; Shute Barton: 16Km; Pilsdon Pen: 17Km; Brownsea Island: 87Km],12.0,1.5313935681470139,0.8594910832411188,-0.6719024849058951,8.468606431852987,8.468606431852987,24.903179173047473,42.83804471669218,Medium Need,Low Visit Rate,High Priority,Targeted Support,Moderate Deprivation,Medium FSM,Low Visit Rate,Medium Need,Moderate Deprivation + Medium FSM + Low Visit Rate,1.7817445672294447,55.188022166461415,Extreme Over-performance,True,-17.38964069135537,55.946028558037774,10.953465941654203,0,28.383416123851646,Medium,1.5347260713577748,-0.675234988116656,2.3942171545988935,-2.209961059474431,3.9289432259566683,Within Safe Zone,False,False,0.0,30,SmallPopulation;FragileOverperformance,Medium Risk,-15.0,2.1216468689118857,1.262155785670767,"Engagement status: In line with expected | Lowers the expected rate: Brownsea journey time, deprivation level | Raises the expected rate: geographic access barriers [Less typical visitor pattern]",
DT8,71.5,8.9,4.75,1.5651625560538116,7.083450112107624,6.524173206278027,20.86885917030568,24.110145739910312,75.88985426008968,0.0,14272.0,Dorset,South West,Unknown,8,Sandbanks Jetty, [Pilsdon Pen: 8Km; Lambert's Castle: 14Km; Langdon Hill: 17Km; Eggardon Hill Fort: 17Km; Golden Cap: 17Km; Brownsea Island: 85Km],26.0,1.8217488789237668,1.0551148893343893,-0.7666339895893775,8.178251121076233,8.178251121076233,23.13775976902892,40.73118520154894,Medium Need,Low Visit Rate,High Priority,Targeted Support,Moderate Deprivation,Medium FSM,Low Visit Rate,Medium Need,Moderate Deprivation + Medium FSM + Low Visit Rate,1.7265881633733766,50.38395912528839,Extreme Over-performance,True,-19.841405442348858,59.06907302827526,19.9499573659123,0,31.03344905200871,Medium,1.5347260713577748,-0.4796111820233855,2.589840960692164,-2.0143372533811603,4.124567032049939,Within Safe Zone,False,False,0.0,15,FragileOverperformance,Low Risk,-15.0,2.5293542376598634,1.474239348325474,"Engagement status: In line with expected | Lowers the expected rate: Brownsea journey time, deprivation level | Raises the expected rate: geographic access barriers, wider access barriers [Less typical visitor pattern]",
DT9,61.5,14.8,6.17,1.6935379417147685,7.749176404336196,7.0963536533858935,13.68240152669607,4.065887653104322,77.33070533577362,18.603407011122062,35515.0,Dorset,South West,Unknown,20,Sandbanks Jetty, [Cerne Abbas Giant: 16Km; Montacute House: 17Km; Stoke-sub-Hamdon Priory: 22Km; Tintinhull Garden: 22Km; Treasurer's House: 23Km; Brownsea Island: 71Km],89.0,2.50598338730114,2.8043629412121076,0.2983795539109675,7.49401661269886,7.49401661269886,6.950841815181846,27.34763910872387,Low Need,Low Visit Rate,Growth Opportunity,Growth & Awareness,Moderate Deprivation,Low FSM,Low Visit Rate,Low Need,Moderate Deprivation + Low FSM + Low Visit Rate,0.893601662778356,-22.168262947549543,Under-performing,False,7.722420066485306,87.70389175230169,49.64424998951621,0,65.14723754582307,High,1.5347260713577748,1.2696368698543328,4.339089012569882,-0.26508920150344206,5.873815083927657,Within Safe Zone,False,False,0.09720938461903843,0,,Minimal Risk,-15.0,5.292351014376819,2.4879880731647113,"Engagement status: In line with expected | Lowers the expected rate: Brownsea journey time, local income context | Raises the expected rate: geographic access barriers, wider access barriers",
SP1,73.4,6.7,6.65,5.77262214512865,9.343271176640648,6.565228389708008,10.316074103896755,22.860653368025442,33.3188782885227,43.820468343451864,27672.0,Wiltshire,South West,Unknown,17,Poole Quay, [Mompesson House: 3Km; The Avenue: 15Km; Stonehenge Landscape: 16Km; Walled Garden: 26Km; Mottisfont Abbey: 27Km; Brownsea Island: 65Km],62.0,2.2405319456490314,1.77245049278657,-0.4680814528624613,7.759468054350968,7.759468054350968,19.097279588786833,36.64649987520369,Medium Need,Low Visit Rate,High Priority,Targeted Support,Low Deprivation,Low FSM,Low Visit Rate,Medium Need,Low Deprivation + Low FSM + Low Visit Rate,1.2640871803006266,8.565043004194894,Stable,False,-12.114508373496836,66.21672262093637,38.680999175275026,0,43.16107103423257,Medium,1.5347260713577748,0.23772442142879524,3.3071765641443447,-1.2970016499289796,4.8419026355021195,Within Safe Zone,False,False,0.0,0,,Minimal Risk,-15.0,3.064845229185194,1.292394736398624,"Engagement status: In line with expected | Lowers the expected rate: Brownsea journey time, geographic access barriers | Raises the expected rate: wider access barriers, deprivation level",
SP10,93.3,21.0,6.8,4.193221092628899,7.715827556238252,6.2075914061078885,29.9929334773793,27.53602684075429,24.31432786951513,48.14964528973058,49477.0,Test Valley,South East,Unknown,31,Poole Quay," [Outward Hound, NW Hants: 23Km; Family Amble, NW Hants: 23Km; Sandham Memorial Chapel: 23Km; Mottisfont Abbey: 24Km; Walled Garden: 24Km; Brownsea Island: 85Km]",40.0,0.8084564545142188,0.8088850615829256,0.0004286070687068433,9.191543545485782,9.191543545485782,28.27309883174179,47.36579981867659,High Need,Low Visit Rate,Urgent Action,Crisis Intervention,Low Deprivation,High FSM,Low Visit Rate,High Need,Low Deprivation + High FSM + Low Visit Rate,0.9994701261167216,-14.161365676167536,Under-performing,False,0.011092864053972003,49.98460719194561,69.16087728371937,0,50.87978968793859,High,1.5347260713577748,-0.7258410097748492,2.3436111329407003,-2.260567081132624,3.878337204298475,Within Safe Zone,False,False,0.00013963634185469134,30,HighNeedLowVisits,Medium Risk,-15.0,1.662426531601729,0.8535414700188034,"Engagement status: In line with expected | Lowers the expected rate: Brownsea journey time, geographic access barriers | Raises the expected rate: deprivation level, wider access barriers",
SP11,96.5,17.8,6.68,2.1073551732861118,7.795345307361497,7.195389577536049,17.19249737375416,12.076271186440678,53.876802428535285,34.04692638502404,63248.0,Test Valley,South East,Unknown,35,Poole Quay," [Outward Hound, NW Hants: 20Km; Family Amble, NW Hants: 20Km; Sandham Memorial Chapel: 21Km; Walled Garden: 26Km; Mottisfont Abbey: 27Km; Brownsea Island: 88Km]",41.0,0.6482418416392614,0.7590965922454028,0.11085475060614147,9.351758158360738,9.351758158360738,13.611139042634722,37.58307180492652,Low Need,Low Visit Rate,Growth Opportunity,Growth & Awareness,Moderate Deprivation,Medium FSM,Low Visit Rate,Low Need,Moderate Deprivation + Medium FSM + Low Visit Rate,0.8539648949309154,-25.620582500222756,Severe Under-performance,False,2.8690536577500545,75.92175976769357,88.41051734019206,0,68.70292354030593,High,1.5347260713577748,-0.775629479112372,2.2938226636031778,-2.3103555504701467,3.8285487349609526,Within Safe Zone,False,False,0.036115484279246025,0,,Minimal Risk,-15.0,1.5867165092750186,0.8276199170296158,"Engagement status: In line with expected | Lowers the expected rate: Brownsea journey time, local income context | Raises the expected rate: geographic access barriers, wider access barriers",
SP2,73.6,3.9,6.09,3.9887738993159094,9.050542511338863,6.170772045004636,20.388470235664393,17.097251108828022,61.51552359235222,21.387225298819757,39907.0,Wiltshire,South West,Unknown,23,Poole Quay, [Mompesson House: 2Km; Stonehenge Landscape: 15Km; The Avenue: 16Km; Walled Garden: 28Km; Mottisfont Abbey: 29Km; Brownsea Island: 67Km],71.0,1.7791364923447015,2.023646738083367,0.24451024573866564,8.220863507655299,8.220863507655299,18.084616846878934,37.32182231578115,Medium Need,Low Visit Rate,High Priority,Targeted Support,Moderate Deprivation,Medium FSM,Low Visit Rate,Medium Need,Moderate Deprivation + Medium FSM + Low Visit Rate,0.8791734539743603,-23.424944308547612,Under-performing,False,6.328217880226947,68.00813307509367,55.78355861837599,0,57.8538924989778,High,1.5347260713577748,0.4889206667255923,3.558372809441142,-1.0458054046321825,5.093098880798917,Within Safe Zone,False,False,0.07965924678739152,0,,Minimal Risk,-15.0,3.404758355047856,1.381111616964489,"Engagement status: In line with expected | Lowers the expected rate: Brownsea journey time, lower deprivation | Raises the expected rate: wider access barriers, local income context",
SP3,86.7,19.3,5.72,2.049932401982875,7.9040108156827396,7.258044164037855,13.196530735058342,0.0,100.0,0.0,22190.0,Wiltshire,South West,Unknown,13,Poole Quay, [Mompesson House: 17Km; Stonehenge Landscape: 19Km; The Avenue: 20Km; Cley Hill: 27Km; Fontmell and Melbury Downs SAC: 36Km; Brownsea Island: 74Km],30.0,1.3519603424966202,0.8976955084094109,-0.4542648340872093,8.64803965750338,8.64803965750338,3.9589592205175026,28.71539042687239,Low Need,Low Visit Rate,Growth Opportunity,Growth & Awareness,Moderate Deprivation,Low FSM,Low Visit Rate,Low Need,Moderate Deprivation + Low FSM + Low Visit Rate,1.506034429081752,31.173967729402264,Significant Over-performance,False,-11.756917738741679,92.99656179523731,31.018046100728274,0,52.51123714523091,High,1.5347260713577748,-0.6370305629483639,2.432421579767186,-2.1717566343061385,3.967147651124961,Within Safe Zone,False,False,0.0,0,,Minimal Risk,-15.0,1.7663584967070225,0.8686629882976116,"Engagement status: In line with expected | Lowers the expected rate: Brownsea journey time, local income context | Raises the expected rate: geographic access barriers, wider access barriers",
SP4,86.7,7.8,7.12,2.1894493853229067,7.576293327129896,7.308626952740547,13.25605689782593,4.883417139380492,56.07071918114632,39.045863679473186,55883.0,Wiltshire,South West,Unknown,32,Poole Quay, [The Avenue: 5Km; Stonehenge Landscape: 5Km; Mompesson House: 13Km; Walled Garden: 30Km; Mottisfont Abbey: 31Km; Brownsea Island: 76Km],55.0,0.9841991303258593,1.6046227736684386,0.6204236433425794,9.015800869674141,9.015800869674141,7.395209066914123,32.22404895586231,Low Need,Low Visit Rate,Growth Opportunity,Growth & Awareness,Low Deprivation,Low FSM,Low Visit Rate,Low Need,Low Deprivation + Low FSM + Low Visit Rate,0.6133523383042944,-47.32276062724326,Severe Under-performance,False,16.057306642734236,86.91780166791824,78.11543353974754,0,76.96542619565848,Very High,1.5347260713577748,0.0698967023106638,3.1393488450262135,-1.464829369047111,4.674074916383988,Within Safe Zone,False,False,0.20212846283170569,0,,Minimal Risk,-15.0,2.6347700473502558,1.0301472736818171,"Engagement status: In line with expected | Lowers the expected rate: Brownsea journey time, local income context | Raises the expected rate: deprivation level, geographic access barriers",
SP5,71.0,16.3,6.65,1.670194282103933,8.761107475686531,8.07423787711262,12.834993355706077,4.934900828124648,64.92091071146513,30.144188460410227,44317.0,Wiltshire,South West,Unknown,26,Poole Quay, [Mompesson House: 10Km; Blackhill Common: 23Km; Foxbury: 27Km; Mottisfont Abbey: 32Km; Walled Garden: 32Km; Brownsea Island: 51Km],78.0,1.7600469345849221,2.373977946652475,0.613931012067553,8.239953065415078,8.239953065415078,7.304928586399076,29.833309206724586,Low Need,Low Visit Rate,Growth Opportunity,Growth & Awareness,Moderate Deprivation,Low FSM,Low Visit Rate,Low Need,Moderate Deprivation + Low FSM + Low Visit Rate,0.7413914426065956,-35.425608279999366,Severe Under-performance,False,15.889269572548406,87.07750873514607,61.94802834817372,0,72.38753019245522,High,1.5347260713577748,0.8392518752947002,3.90870401801025,-0.6954741960630746,5.443430089368025,Within Safe Zone,False,False,0.2000132217485584,0,,Minimal Risk,-15.0,3.8891646003371863,1.5151866536847112,"Engagement status: In line with expected | Lowers the expected rate: Brownsea journey time, local income context | Raises the expected rate: geographic access barriers, wider access barriers",
SP6,58.7,25.1,6.74,1.546794475365904,8.03061224489796,7.505308183879612,14.596461715382265,11.270871985157699,56.519274376417236,32.209853638425066,19404.0,New Forest,South East,Unknown,12,Poole Quay, [Mompesson House: 20Km; Blackhill Common: 21Km; Foxbury: 28Km; Kingston Lacy Estate: 30Km; Badbury Rings: 32Km; Brownsea Island: 40Km],53.0,2.7313955885384456,4.357810379116221,1.6264147905777753,7.2686044114615544,7.2686044114615544,12.268548904225067,30.39379746734221,Low Need,Low Visit Rate,Growth Opportunity,Growth & Awareness,Moderate Deprivation,Low FSM,Low Visit Rate,Low Need,Moderate Deprivation + Low FSM + Low Visit Rate,0.6267816520030369,-45.40799691853207,Severe Under-performance,False,42.09356187634091,78.29681506504183,27.123666811110027,0,71.78420784956631,High,1.5347260713577748,2.823084307758446,5.892536450473996,1.2883582364006712,7.4272625218317705,Moderate Underperformance,False,False,0.5298713630175329,25,UnderperformingPrediction,Low Risk,-15.0,6.21841313353172,1.860602754415499,"Engagement status: Below expected | Lowers the expected rate: local income context, Brownsea journey time | Raises the expected rate: geographic access barriers, wider access barriers",
SP7,57.9,8.5,6.08,1.9878503822351656,7.534310156534401,7.302056789224609,14.875522470353719,9.13269020749909,62.49089916272297,28.376410629777936,21976.0,Dorset,South West,Unknown,12,Poole Quay, [Fontmell and Melbury Downs SAC: 6Km; Hod Hill: 14Km; Stourhead Gardens: 25Km; Stourhead Park: 25Km; King Alfred's Tower: 29Km; Brownsea Island: 43Km],101.0,4.595922824899891,2.728312817842539,-1.8676100070573525,5.404077175100109,5.404077175100109,10.855539886355478,23.81110944574916,Low Need,Medium Visit Rate,Monitor,Sustain & Optimize,Moderate Deprivation,Low FSM,Medium Visit Rate,Low Need,Moderate Deprivation + Low FSM + Medium Visit Rate,1.6845292793566824,46.72067587743838,Significant Over-performance,False,-48.33598283068663,80.79644205996917,30.71890856735487,0,29.19756601240881,Medium,1.5347260713577748,1.193586746484764,4.263038889200313,-0.3411393248730108,5.797764960558089,Moderate Overperformance,False,False,0.0,0,,Minimal Risk,-15.0,5.248928592095363,2.5206157742528243,"Engagement status: Above expected | Lowers the expected rate: Brownsea journey time, local income context | Raises the expected rate: geographic access barriers, wider access barriers",
SP8,70.1,17.9,6.49,2.5045800038978756,7.590203339180147,6.797700253361918,15.2271743697479,27.79185343987527,25.440135126356132,46.7680114337686,15393.0,Dorset,South West,Unknown,8,Poole Quay, [Stourhead Gardens: 13Km; Stourhead Park: 13Km; Fontmell and Melbury Downs SAC: 14Km; King Alfred's Tower: 17Km; Hod Hill: 22Km; Brownsea Island: 52Km],71.0,4.612486195023712,1.9525268561764446,-2.6599593388472678,5.387513804976288,5.387513804976288,24.022449718837056,32.978256218114794,Medium Need,Medium Visit Rate,Monitor,Sustain & Optimize,Low Deprivation,Medium FSM,Medium Visit Rate,Medium Need,Low Deprivation + Medium FSM + Medium Visit Rate,2.362316390390737,102.88551652845021,Extreme Over-performance,True,-68.8429321148405,57.50404771512086,21.51693481877018,0,6.613380705930851,Low,1.5347260713577748,0.4178007848186698,3.4872529275342194,-1.116925286539105,5.021978998891994,Moderate Overperformance,False,False,0.0,15,FragileOverperformance,Low Risk,-15.0,3.9531195611489065,2.000592704972462,"Engagement status: Above expected | Lowers the expected rate: Brownsea journey time, local income context | Raises the expected rate: geographic access barriers, wider access barriers [Less typical visitor pattern]",
SP9,97.1,15.1,6.53,2.3077117572692796,6.2765486725663715,7.0878002528445005,9.641635165037801,10.233881163084703,51.22629582806574,38.53982300884955,15820.0,Wiltshire,South West,Unknown,9,Poole Quay, [The Avenue: 17Km; Stonehenge Landscape: 18Km; Walled Garden: 28Km; Mottisfont Abbey: 28Km; Mompesson House: 34Km; Brownsea Island: 89Km],10.0,0.6321112515802781,0.6534201260736356,0.0213088744933575,9.367888748419722,9.367888748419722,10.056207363670632,35.14301139982861,Low Need,Low Visit Rate,Growth Opportunity,Growth & Awareness,Low Deprivation,Low FSM,Low Visit Rate,Low Need,Low Deprivation + Low FSM + Low Visit Rate,0.9673887080561762,-16.916650743254724,Under-performing,False,0.5514991822490029,82.21046923627048,22.113812046575994,0,51.511205031335095,High,1.5347260713577748,-0.8813059452841392,2.1881461974314105,-2.416032016641914,3.7228722687891853,Within Safe Zone,False,False,0.006942240342117046,0,,Minimal Risk,-15.0,1.301161753139483,0.6477416270658474,"Engagement status: In line with expected | Lowers the expected rate: Brownsea journey time, local income context | Raises the expected rate: geographic access barriers, deprivation level",
